feature,importance
texture_contrast,0.3183297180043384
skewness,0.28058568329718003
mean_intensity,0.27451193058568324
entropy,0.25466377440347066
