Modelo,AUC-ROC (macro),F1-macro
LogisticRegression,0.4906637686378103,0.20491404503882657
RandomForest,0.4910413334323383,0.21745033413753986
